City_ID,City,Country,Date,Lat,Lng,Max Temp,Humidity,Cloudiness,Wind Speed
0,Carnarvon,AU,2021-04-01 18:20:58,-24.8667,113.6333,78.8,89,40,8.05
1,Kondratovo,RU,2021-04-01 18:23:12,57.9804,56.1066,35.6,100,90,8.95
2,Kintampo,GH,2021-04-01 18:23:13,8.0563,-1.7306,90.28,35,59,8.41
3,Fortuna,US,2021-04-01 18:23:13,40.5982,-124.1573,64.99,87,1,3.44
4,Rozmital Pod Tremsinem,CZ,2021-04-01 18:23:14,49.602,13.8643,60.01,100,77,7.25
5,Kodiak,US,2021-04-01 18:20:49,57.79,-152.4072,23.0,42,1,29.93
6,Albany,US,2021-04-01 18:21:34,42.6001,-73.9662,37.99,65,100,8.01
7,Butaritari,KI,2021-04-01 18:23:16,3.0707,172.7902,82.44,78,37,15.03
8,Wewak,PG,2021-04-01 18:23:16,-3.5534,143.6268,78.66,86,97,3.31
9,Cidreira,BR,2021-04-01 18:23:17,-30.1811,-50.2056,72.88,61,28,9.35
10,Tuktoyaktuk,CA,2021-04-01 18:23:17,69.4541,-133.0374,-20.2,69,20,13.8
11,Qaanaaq,GL,2021-04-01 18:23:18,77.484,-69.3632,6.82,83,100,4.68
12,Mataura,NZ,2021-04-01 18:23:18,-46.1927,168.8643,53.01,93,100,15.99
13,Hilo,US,2021-04-01 18:20:52,19.7297,-155.09,69.01,94,20,4.61
14,Saldanha,ZA,2021-04-01 18:20:24,-33.0117,17.9442,62.6,67,54,10.36
15,Benguela,AO,2021-04-01 18:23:19,-12.5763,13.4055,80.69,75,1,3.09
16,Airai,TL,2021-04-01 18:20:37,-8.9266,125.4092,60.39,94,100,2.66
17,Ahipara,NZ,2021-04-01 18:20:28,-35.1667,173.1667,61.2,88,6,9.86
18,High Level,CA,2021-04-01 18:23:20,58.5169,-117.136,42.8,52,75,4.61
19,Sorland,NO,2021-04-01 18:23:20,67.667,12.6934,40.35,71,100,18.37
20,Bluff,NZ,2021-04-01 18:23:21,-46.6,168.3333,53.01,93,100,15.99
21,Menongue,AO,2021-04-01 18:21:14,-14.6585,17.691,63.95,94,81,1.83
22,Rikitea,PF,2021-04-01 18:21:20,-23.1203,-134.9692,74.32,86,100,14.27
23,Norman Wells,CA,2021-04-01 18:23:22,65.282,-126.8329,1.4,78,90,17.27
24,Busselton,AU,2021-04-01 18:23:22,-33.65,115.3333,62.01,96,85,6.78
25,Payakumbuh,ID,2021-04-01 18:23:23,-0.2202,100.6308,68.88,92,80,3.87
26,Jamestown,US,2021-04-01 18:22:20,42.097,-79.2353,30.99,63,90,23.02
27,Punta Arenas,CL,2021-04-01 18:20:48,-53.15,-70.9167,51.8,76,0,9.22
28,Billings,US,2021-04-01 18:20:28,45.7833,-108.5007,66.99,11,20,21.85
29,Kapit,MY,2021-04-01 18:22:15,2.0167,112.9333,71.51,99,51,0.94
30,Superior,US,2021-04-01 18:23:24,46.7208,-92.1041,39.0,30,1,8.05
31,Te Anau,NZ,2021-04-01 18:23:25,-45.4167,167.7167,54.75,93,100,4.43
32,Montepuez,MZ,2021-04-01 18:23:25,-13.1256,38.9997,66.92,84,47,3.96
33,East London,ZA,2021-04-01 18:23:26,-33.0153,27.9116,64.4,88,75,6.91
34,Chuy,UY,2021-04-01 18:21:02,-33.6971,-53.4616,69.4,62,67,8.14
35,Thompson,CA,2021-04-01 18:22:54,55.7435,-97.8558,39.2,52,75,9.22
36,Georgetown,MY,2021-04-01 18:18:52,5.4112,100.3354,84.99,83,20,6.24
37,Nemuro,JP,2021-04-01 18:23:27,43.3236,145.575,35.06,88,42,7.72
38,Bartica,GY,2021-04-01 18:23:28,6.4,-58.6167,87.8,55,75,13.8
39,Solok,ID,2021-04-01 18:23:08,-0.7918,100.6593,78.8,78,90,2.3
40,Cuauhtemoc,MX,2021-04-01 18:23:29,28.4167,-106.8667,64.0,41,39,10.0
41,Pevek,RU,2021-04-01 18:23:29,69.7008,170.3133,-18.67,97,69,1.86
42,Ushuaia,AR,2021-04-01 18:21:32,-54.8,-68.3,59.0,36,20,17.27
43,Atuona,PF,2021-04-01 18:23:30,-9.8,-139.0333,80.22,80,94,17.43
44,Ancud,CL,2021-04-01 18:23:30,-41.8697,-73.8203,61.0,82,90,4.61
45,Luderitz,NA,2021-04-01 18:22:21,-26.6481,15.1594,68.38,67,0,16.04
46,Atlantic City,US,2021-04-01 18:23:31,39.3643,-74.4229,50.0,46,1,21.85
47,Vao,NC,2021-04-01 18:23:32,-22.6667,167.4833,73.78,84,100,21.79
48,Bengkulu,ID,2021-04-01 18:23:32,-3.8004,102.2655,76.73,87,99,12.55
49,Port Alfred,ZA,2021-04-01 18:23:33,-33.5906,26.891,67.42,73,48,6.67
50,Hobart,AU,2021-04-01 18:20:50,-42.8794,147.3294,57.99,77,90,2.48
51,Erzin,TR,2021-04-01 18:23:34,36.9559,36.2,53.01,84,23,6.46
52,Nisia Floresta,BR,2021-04-01 18:23:34,-6.0911,-35.2086,86.0,62,40,13.8
53,Provideniya,RU,2021-04-01 18:23:35,64.3833,-173.3,5.68,85,98,2.68
54,Saint-Philippe,RE,2021-04-01 18:23:35,-21.3585,55.7679,78.8,69,75,10.36
55,Hermanus,ZA,2021-04-01 18:23:36,-34.4187,19.2345,62.01,72,74,12.86
56,Kerema,PG,2021-04-01 18:23:37,-7.9631,145.7785,76.35,92,100,5.35
57,Smithers,CA,2021-04-01 18:23:37,54.7804,-127.1743,39.2,41,40,10.36
58,Stolin,BY,2021-04-01 18:23:38,51.8912,26.846,53.28,85,100,9.62
59,Hithadhoo,MV,2021-04-01 18:23:38,-0.6,73.0833,83.77,76,85,16.96
60,Kruisfontein,ZA,2021-04-01 18:23:39,-34.0033,24.7314,64.0,71,79,1.01
61,Taganak,PH,2021-04-01 18:23:40,6.0833,118.3,77.0,88,20,4.61
62,Vaini,TO,2021-04-01 18:20:19,-21.2,-175.2,77.0,94,20,4.61
63,Kapaa,US,2021-04-01 18:23:41,22.0752,-159.319,75.2,73,75,13.8
64,Grindavik,IS,2021-04-01 18:23:41,63.8424,-22.4338,41.0,93,90,11.5
65,Bahia Blanca,AR,2021-04-01 18:23:42,-38.7196,-62.2724,76.37,31,8,1.72
66,Kalmunai,LK,2021-04-01 18:23:42,7.4167,81.8167,80.1,78,1,7.92
67,Three Hills,CA,2021-04-01 18:23:42,51.7001,-113.2686,60.8,16,100,17.27
68,Yinchuan,CN,2021-04-01 18:20:17,38.4681,106.2731,43.0,61,100,5.23
69,Iqaluit,CA,2021-04-01 18:23:43,63.7506,-68.5145,-14.01,64,20,18.41
70,Touros,BR,2021-04-01 18:23:44,-5.1989,-35.4608,86.0,62,40,14.97
71,Meadow Lake,US,2021-04-01 18:23:44,34.8014,-106.5436,63.0,17,75,7.99
72,Lagoa,PT,2021-04-01 18:23:45,39.05,-27.9833,59.2,83,91,24.25
73,Tasiilaq,GL,2021-04-01 18:21:13,65.6145,-37.6368,30.2,80,75,1.14
74,Saskylakh,RU,2021-04-01 18:20:46,71.9167,114.0833,-36.8,100,100,5.08
75,Bredasdorp,ZA,2021-04-01 18:20:19,-34.5322,20.0403,60.8,67,93,4.61
76,Kavieng,PG,2021-04-01 18:23:46,-2.5744,150.7967,81.01,81,81,10.49
77,Severo-Kurilsk,RU,2021-04-01 18:23:46,50.6789,156.125,31.6,91,95,18.37
78,Labe,GN,2021-04-01 18:23:46,11.3182,-12.2833,93.16,9,9,7.74
79,Isoka,ZM,2021-04-01 18:23:47,-10.1606,32.6335,62.55,97,28,2.19
80,Saint Anthony,US,2021-04-01 18:23:48,45.0205,-93.218,39.99,30,1,10.36
81,New Norfolk,AU,2021-04-01 18:20:35,-42.7826,147.0587,57.99,76,100,2.42
82,Semnan,IR,2021-04-01 18:23:48,35.5729,53.3971,64.06,42,78,2.46
83,Hami,CN,2021-04-01 18:23:49,42.8,93.45,49.35,20,0,6.29
84,Sitka,US,2021-04-01 18:20:31,57.0531,-135.33,35.6,80,40,11.5
85,Hoquiam,US,2021-04-01 18:23:50,46.9809,-123.8893,51.01,76,40,8.05
86,Kushima,JP,2021-04-01 18:23:50,31.4583,131.2333,62.01,72,100,11.99
87,Leningradskiy,RU,2021-04-01 18:23:50,69.3833,178.4167,-4.54,96,100,2.89
88,Edremit,TR,2021-04-01 18:23:14,39.5961,27.0244,46.4,66,20,12.66
89,Ust-Kuyga,RU,2021-04-01 18:23:51,70.0167,135.6,3.29,96,100,4.59
90,Wattegama,LK,2021-04-01 18:23:51,6.7989,81.4808,77.0,100,1,5.75
91,Bethel,US,2021-04-01 18:23:52,41.3712,-73.414,44.01,73,100,3.0
92,Oktyabrskiy,RU,2021-04-01 18:20:13,54.4815,53.471,36.7,91,100,19.17
93,Dikson,RU,2021-04-01 18:20:25,73.5069,80.5464,-6.05,76,100,6.85
94,Yellowknife,CA,2021-04-01 18:22:44,62.456,-114.3525,15.8,73,75,16.11
95,Buchanan,LR,2021-04-01 18:23:53,5.8808,-10.0467,82.11,78,70,9.28
96,Blagoyevo,RU,2021-04-01 18:23:54,63.3667,47.9167,32.22,98,100,5.79
97,Oranjemund,NA,2021-04-01 18:23:54,-28.55,16.4333,61.93,83,0,13.02
98,Thinadhoo,MV,2021-04-01 18:22:00,0.5333,72.9333,83.84,78,100,16.2
99,Arman,RU,2021-04-01 18:23:55,59.7,150.1667,6.31,78,67,11.32
100,Faanui,PF,2021-04-01 18:23:55,-16.4833,-151.75,81.72,67,71,3.58
101,Lashio,MM,2021-04-01 18:23:56,22.9333,97.75,67.57,40,2,1.99
102,Barrow,US,2021-04-01 18:23:56,71.2906,-156.7887,-9.4,64,40,9.22
103,Ust-Tarka,RU,2021-04-01 18:23:57,55.5672,75.705,22.28,85,86,17.83
104,Ilovka,RU,2021-04-01 18:23:58,50.7053,38.637,46.71,67,27,7.72
105,Upernavik,GL,2021-04-01 18:23:58,72.7868,-56.1549,29.75,67,100,6.33
106,Petropavlovsk-Kamchatskiy,RU,2021-04-01 18:23:59,53.0452,158.6483,33.8,100,95,2.24
107,Hamilton,US,2021-04-01 18:22:47,39.1834,-84.5333,37.99,48,90,14.97
108,Nizwa,OM,2021-04-01 18:23:59,22.9333,57.5333,82.65,19,4,10.71
109,Kangra,IN,2021-04-01 18:24:00,32.1,76.2667,61.48,25,0,6.89
110,Souillac,MU,2021-04-01 18:24:00,-20.5167,57.5167,80.6,83,40,5.75
111,Patea,NZ,2021-04-01 18:24:01,-39.7583,174.4833,45.0,96,7,4.32
112,Itarema,BR,2021-04-01 18:24:01,-2.9248,-39.9167,84.58,68,84,13.89
113,Chokurdakh,RU,2021-04-01 18:24:02,70.6333,147.9167,-16.22,99,89,3.83
114,Berlevag,NO,2021-04-01 18:21:41,70.8578,29.0864,31.44,84,100,3.47
115,Chimoio,MZ,2021-04-01 18:24:03,-19.1164,33.4833,68.0,83,20,1.81
116,Uarini,BR,2021-04-01 18:24:03,-2.99,-65.1083,87.8,74,40,4.61
117,Ribeira Grande,PT,2021-04-01 18:20:23,38.5167,-28.7,62.6,82,40,20.71
118,Alofi,NU,2021-04-01 18:24:04,-19.0595,-169.9187,77.0,94,40,4.61
119,Lyndon,US,2021-04-01 18:24:04,38.2567,-85.6016,42.01,38,90,10.36
120,Srednekolymsk,RU,2021-04-01 18:20:55,67.45,153.6833,-24.65,100,91,4.61
121,Arraial Do Cabo,BR,2021-04-01 18:21:02,-22.9661,-42.0278,82.4,65,20,24.16
122,Riyadh,SA,2021-04-01 18:24:05,24.6877,46.7219,89.6,13,0,8.05
123,Cape Town,ZA,2021-04-01 18:24:06,-33.9258,18.4232,64.0,72,20,18.41
124,Xai-Xai,MZ,2021-04-01 18:24:06,-25.0519,33.6442,74.07,75,49,12.15
125,Victoria,HK,2021-04-01 18:20:53,22.2855,114.1577,79.0,83,64,7.76
126,Fukue,JP,2021-04-01 18:24:07,32.6881,128.8419,62.42,79,100,7.14
127,Deputatskiy,RU,2021-04-01 18:24:08,69.3,139.9,0.28,95,100,1.07
128,Mandera,KE,2021-04-01 18:24:08,3.9366,41.867,94.26,25,58,3.02
129,Westport,US,2021-04-01 18:24:08,41.1415,-73.3579,46.99,61,90,20.71
130,Lompoc,US,2021-04-01 18:19:15,34.6391,-120.4579,81.0,17,1,4.74
131,Katsuura,JP,2021-04-01 18:24:09,35.1333,140.3,57.2,77,75,11.5
132,Saint-Augustin,CA,2021-04-01 18:24:10,51.226,-58.6502,33.71,99,100,5.7
133,Sochi,RU,2021-04-01 18:23:08,43.6,39.7303,50.0,87,90,4.47
134,Alta Floresta,BR,2021-04-01 18:24:10,-9.8756,-56.0861,86.0,70,75,4.61
135,Lavrentiya,RU,2021-04-01 18:24:11,65.5833,-171.0,-5.33,91,100,1.41
136,Pervoye Maya,RU,2021-04-01 18:24:11,56.164,44.7196,37.4,100,90,11.18
137,Tilichiki,RU,2021-04-01 18:24:12,60.4667,166.1,25.21,96,100,5.68
138,Pitimbu,BR,2021-04-01 18:24:12,-7.4706,-34.8086,86.0,66,40,11.5
139,Sao Filipe,CV,2021-04-01 18:21:44,14.8961,-24.4956,74.53,70,1,11.45
140,Nabire,ID,2021-04-01 18:24:13,-3.3667,135.4833,76.28,92,100,2.3
141,La Serena,CL,2021-04-01 18:21:56,-29.9078,-71.2542,66.2,63,40,8.05
142,Port Elizabeth,ZA,2021-04-01 18:24:13,-33.918,25.5701,60.8,94,0,3.44
143,Muisne,EC,2021-04-01 18:24:14,0.6,-80.0333,86.0,79,75,8.05
144,Severnoye,RU,2021-04-01 18:24:14,56.3491,78.3619,20.44,81,95,16.49
145,Hofn,IS,2021-04-01 18:21:15,64.2539,-15.2082,45.43,67,10,6.85
146,Novoagansk,RU,2021-04-01 18:21:18,61.9449,76.6625,30.38,97,100,7.56
147,Okhotsk,RU,2021-04-01 18:24:15,59.3833,143.3,10.72,78,93,10.38
148,Sinnamary,GF,2021-04-01 18:24:16,5.3833,-52.95,81.43,71,93,12.53
149,San Pedro,PH,2021-04-01 18:24:16,14.35,121.0167,80.6,69,20,4.61
150,Los Llanos De Aridane,ES,2021-04-01 18:24:17,28.6585,-17.9182,68.0,73,40,6.91
151,Puerto Ayora,EC,2021-04-01 18:24:17,-0.7393,-90.3518,82.4,74,20,9.22
152,Hailar,CN,2021-04-01 18:24:18,49.2,119.7,37.26,96,100,8.59
153,Talnakh,RU,2021-04-01 18:24:18,69.4865,88.3972,-14.17,80,2,6.98
154,Cabra,ES,2021-04-01 18:24:19,37.4725,-4.4421,69.01,51,41,1.99
155,Arlit,NE,2021-04-01 18:24:19,18.7369,7.3853,83.98,7,0,8.84
156,Olafsvik,IS,2021-04-01 18:24:19,64.8945,-23.7142,40.75,82,99,12.88
157,College,US,2021-04-01 18:19:36,64.8569,-147.8028,5.0,66,75,5.75
158,Port Lincoln,AU,2021-04-01 18:24:20,-34.7333,135.8667,68.11,69,0,7.2
159,Hovd,MN,2021-04-01 18:24:20,48.0056,91.6419,27.05,66,95,3.29
160,Merauke,ID,2021-04-01 18:24:21,-8.4667,140.3333,77.0,91,100,6.29
161,San Andres,CO,2021-04-01 18:24:21,12.5847,-81.7006,87.8,66,20,17.27
162,Hirara,JP,2021-04-01 18:24:22,24.8,125.2833,75.31,91,5,9.08
163,Rio Grande,BR,2021-04-01 18:24:23,-32.035,-52.0986,75.2,69,75,9.22
164,Anchorage,US,2021-04-01 18:24:23,61.2181,-149.9003,19.4,45,90,8.05
165,Khatanga,RU,2021-04-01 18:21:15,71.9667,102.5,-37.03,100,12,2.55
166,San Patricio,US,2021-04-01 18:24:24,28.017,-97.5169,69.8,24,90,19.57
167,Guerrero Negro,MX,2021-04-01 18:23:00,27.9769,-114.0611,76.06,30,2,9.95
168,Batagay-Alyta,RU,2021-04-01 18:22:31,67.8006,130.4114,-5.6,99,97,2.48
169,Barcelos,PT,2021-04-01 18:24:25,41.5388,-8.6151,62.01,77,40,2.3
170,Castro,BR,2021-04-01 18:24:25,-24.7911,-50.0119,71.69,40,20,3.67
171,Ponta Do Sol,PT,2021-04-01 18:21:01,32.6667,-17.1,68.0,68,20,11.5
172,Paamiut,GL,2021-04-01 18:24:26,61.994,-49.6678,36.7,80,100,41.29
173,Hasaki,JP,2021-04-01 18:20:54,35.7333,140.8333,55.0,87,75,2.3
174,Asosa,ET,2021-04-01 18:24:27,10.0667,34.5333,74.93,28,33,1.99
175,Lebu,CL,2021-04-01 18:24:27,-37.6167,-73.65,61.02,79,74,11.63
176,Chapais,CA,2021-04-01 18:24:28,49.7834,-74.8492,15.8,62,75,17.27
177,Yulara,AU,2021-04-01 18:24:29,-25.2406,130.9889,66.2,34,0,6.91
178,Levelland,US,2021-04-01 18:22:26,33.5873,-102.378,64.0,20,20,11.5
179,Ilulissat,GL,2021-04-01 18:24:29,69.2167,-51.1,33.8,75,90,19.57
180,Avarua,CK,2021-04-01 18:24:30,-21.2078,-159.775,80.6,74,20,3.44
181,Chicama,PE,2021-04-01 18:24:30,-7.8447,-79.1469,68.0,88,40,11.5
182,Bogorodskoye,RU,2021-04-01 18:24:31,56.55,37.8833,33.76,99,100,4.0
183,Teacapan,MX,2021-04-01 18:24:31,22.55,-105.75,80.98,43,69,9.01
184,Kefamenanu,ID,2021-04-01 18:24:32,-9.4467,124.4781,71.29,96,100,0.87
185,Kovdor,RU,2021-04-01 18:24:32,67.5662,30.4758,27.03,95,97,3.85
186,Teya,RU,2021-04-01 18:24:33,60.3778,92.6267,21.04,96,100,2.33
187,Bandung,ID,2021-04-01 18:23:49,-6.9039,107.6186,69.35,83,100,3.38
188,Dingle,PH,2021-04-01 18:24:34,10.9995,122.6711,75.33,86,99,7.9
189,Torbay,CA,2021-04-01 18:21:09,47.6666,-52.7314,46.0,49,75,2.3
190,Lasa,IT,2021-04-01 18:24:34,46.6166,10.7002,73.4,50,0,5.75
191,Makakilo City,US,2021-04-01 18:24:35,21.3469,-158.0858,75.2,69,20,8.05
192,Beian,NO,2021-04-01 18:24:35,63.6559,9.5683,41.0,87,75,19.57
193,Amli,IN,2021-04-01 18:24:36,20.2833,73.0167,76.89,78,2,5.88
194,Clyde River,CA,2021-04-01 18:20:56,70.4692,-68.5914,-13.0,70,1,23.02
195,Planaltina,BR,2021-04-01 18:20:45,-15.4528,-47.6142,81.0,57,75,11.5
196,Kulhudhuffushi,MV,2021-04-01 18:24:37,6.6221,73.07,84.13,77,92,10.8
197,Mahebourg,MU,2021-04-01 18:20:42,-20.4081,57.7,80.6,83,40,5.75
198,Plettenberg Bay,ZA,2021-04-01 18:24:37,-34.0527,23.3716,61.29,79,91,4.52
199,Belaya Gora,RU,2021-04-01 18:24:38,68.5333,146.4167,-17.5,100,75,1.88
200,Jablah,SY,2021-04-01 18:24:38,35.3614,35.9256,53.6,87,40,6.91
201,San Carlos De Bariloche,AR,2021-04-01 18:24:39,-41.1456,-71.3082,62.6,59,75,6.91
202,Santa Maria Del Oro,MX,2021-04-01 18:24:39,25.9333,-105.3667,65.82,57,99,9.55
203,Dicabisagan,PH,2021-04-01 18:24:40,17.0818,122.4157,75.15,85,17,3.6
204,Coihaique,CL,2021-04-01 18:24:40,-45.5752,-72.0662,55.4,76,90,5.75
205,Petropavlovka,RU,2021-04-01 18:24:41,50.6114,105.3196,29.26,75,88,2.91
206,Quatre Cocos,MU,2021-04-01 18:24:42,-20.2078,57.7625,80.6,83,40,5.75
207,Taltal,CL,2021-04-01 18:24:42,-25.4,-70.4833,68.59,67,4,7.78
208,Salalah,OM,2021-04-01 18:21:13,17.0151,54.0924,82.4,69,0,2.3
209,Acapulco,MX,2021-04-01 18:24:43,16.8634,-99.8901,95.0,41,20,10.36
210,Costa Rica,BR,2021-04-01 18:21:52,-23.4167,-54.65,79.32,41,82,3.6
211,Langenburg,DE,2021-04-01 18:24:43,49.2544,9.8458,66.2,42,0,6.91
212,Manta,EC,2021-04-01 18:24:44,-0.95,-80.7333,86.0,62,40,8.05
213,Nikolskoye,RU,2021-04-01 18:24:45,59.7035,30.7861,37.4,70,0,6.71
214,Kaitangata,NZ,2021-04-01 18:20:27,-46.2817,169.8464,57.0,82,100,13.0
215,Nieuw Amsterdam,SR,2021-04-01 18:24:45,5.8833,-55.0833,82.0,78,75,9.22
216,Sakaiminato,JP,2021-04-01 18:24:46,35.55,133.2333,51.8,82,40,16.11
217,Kiama,AU,2021-04-01 18:24:47,-34.6833,150.8667,60.01,91,81,3.42
218,Tazovskiy,RU,2021-04-01 18:24:47,67.4667,78.7,7.07,91,100,20.07
219,Zaraza,VE,2021-04-01 18:24:48,9.3503,-65.3245,97.43,27,98,8.52
220,Igrim,RU,2021-04-01 18:24:48,63.1906,64.4162,29.08,97,99,5.26
221,Daru,PG,2021-04-01 18:24:49,-9.0763,143.2092,77.25,91,100,4.52
222,Taunggyi,MM,2021-04-01 18:24:50,20.7833,97.0333,64.62,35,0,3.51
223,Leshukonskoye,RU,2021-04-01 18:24:50,64.8989,45.7622,28.98,97,97,3.56
224,Cabo San Lucas,MX,2021-04-01 18:23:32,22.8909,-109.9124,80.6,53,40,6.91
225,Saint George,US,2021-04-01 18:19:53,37.1041,-113.5841,68.0,12,1,3.44
226,Kahului,US,2021-04-01 18:23:06,20.8947,-156.47,75.2,78,20,12.66
227,Emba,KZ,2021-04-01 18:24:51,48.8264,58.1442,18.52,74,3,6.17
228,Longavi,CL,2021-04-01 18:24:52,-35.9667,-71.6833,80.37,26,10,5.37
229,Coquimbo,CL,2021-04-01 18:21:30,-29.9533,-71.3436,66.2,63,40,8.05
230,Riberalta,BO,2021-04-01 18:23:25,-10.9833,-66.1,86.0,66,75,11.5
231,Tocopilla,CL,2021-04-01 18:24:53,-22.092,-70.1979,72.45,67,12,10.71
232,Sambava,MG,2021-04-01 18:24:54,-14.2667,50.1667,78.04,87,73,10.83
233,Bayan,CN,2021-04-01 18:24:54,46.0833,127.4,44.11,58,100,7.83
234,Teguise,ES,2021-04-01 18:24:55,29.0605,-13.564,71.6,56,20,13.8
235,Parral,MX,2021-04-01 18:24:55,26.9333,-105.6667,60.39,56,95,17.07
236,Jalu,LY,2021-04-01 18:24:56,29.0331,21.5482,63.73,32,2,6.62
237,Frederico Westphalen,BR,2021-04-01 18:24:56,-27.3592,-53.3944,72.0,53,21,7.0
238,Avera,US,2021-04-01 18:24:57,33.194,-82.5271,60.01,23,1,13.8
239,Kushiro,JP,2021-04-01 18:21:15,42.975,144.3747,36.34,88,39,3.2
240,Rawson,AR,2021-04-01 18:20:52,-43.3002,-65.1023,68.85,51,100,8.55
241,Kendari,ID,2021-04-01 18:24:58,-3.945,122.4989,75.65,94,98,3.11
242,Riwaka,NZ,2021-04-01 18:24:58,-41.0833,173.0,55.0,97,55,3.24
243,Otaru,JP,2021-04-01 18:24:59,43.1894,141.0022,33.01,81,0,3.8
244,Teguldet,RU,2021-04-01 18:21:17,57.3064,88.1667,23.63,87,100,11.59
245,Tura,IN,2021-04-01 18:25:00,25.5198,90.2201,70.79,38,0,5.37
246,Murmashi,RU,2021-04-01 18:25:00,68.8154,32.8115,32.0,93,75,6.71
247,Peshawar,PK,2021-04-01 18:25:01,34.008,71.5785,75.2,9,0,32.21
248,Svetlopolyansk,RU,2021-04-01 18:25:02,59.4184,52.3605,32.85,93,99,9.24
249,Nidzica,PL,2021-04-01 18:25:02,53.3605,20.4275,39.2,87,75,14.97
250,Port Blair,IN,2021-04-01 18:25:04,11.6667,92.75,79.57,70,100,5.46
251,Dabola,GN,2021-04-01 18:25:04,10.75,-11.1167,99.79,12,10,6.62
252,Manaure,CO,2021-04-01 18:25:05,11.7751,-72.4445,87.19,53,100,24.96
253,Hope Mills,US,2021-04-01 18:24:09,34.9704,-78.9453,57.2,33,1,12.66
254,Havelock,US,2021-04-01 18:25:05,34.8791,-76.9013,50.0,87,90,16.11
255,Mosquera,CO,2021-04-01 18:25:06,4.7059,-74.2302,68.0,45,75,5.75
256,Aguimes,ES,2021-04-01 18:25:06,27.9054,-15.4461,70.0,68,20,24.16
257,Nanortalik,GL,2021-04-01 18:20:18,60.1432,-45.2371,38.03,79,80,9.1
258,Nong Bua,TH,2021-04-01 18:25:07,15.8646,100.5858,85.5,56,62,9.44
259,Nishihara,JP,2021-04-01 18:25:07,26.1842,127.7558,75.2,94,90,8.05
260,Bandarbeyla,SO,2021-04-01 18:25:08,9.4942,50.8122,78.96,67,27,7.25
261,Krasnoselkup,RU,2021-04-01 18:25:08,65.7,82.4667,11.52,92,100,18.88
262,Sao Gabriel Da Cachoeira,BR,2021-04-01 18:25:09,-0.1303,-67.0892,86.0,70,40,3.44
263,Bathsheba,BB,2021-04-01 18:25:09,13.2167,-59.5167,84.2,48,40,19.57
264,Mar Del Plata,AR,2021-04-01 18:21:16,-38.0023,-57.5575,68.0,68,40,11.5
265,Roma,US,2021-04-01 18:23:55,43.2128,-75.4557,39.2,65,90,10.36
266,Lewiston,US,2021-04-01 18:25:10,44.1003,-70.2148,45.0,75,90,14.97
267,Swarzedz,PL,2021-04-01 18:25:11,52.4129,17.085,55.99,67,0,8.05
268,Candido Mendes,BR,2021-04-01 18:25:11,-1.4467,-45.7167,81.09,85,65,5.44
269,Alyangula,AU,2021-04-01 18:21:56,-13.8483,136.4192,79.72,73,100,9.24
270,Broken Hill,AU,2021-04-01 18:24:19,-31.95,141.4333,60.8,51,0,4.61
271,Evensk,RU,2021-04-01 18:25:13,61.95,159.2333,17.76,83,100,14.92
272,Tarko-Sale,RU,2021-04-01 18:21:11,64.9225,77.785,26.55,96,100,12.62
273,Kerrobert,CA,2021-04-01 18:25:14,51.9168,-109.1348,50.0,43,90,14.97
274,Longyearbyen,SJ,2021-04-01 18:20:30,78.2186,15.6401,30.2,69,75,14.97
275,Chiredzi,ZW,2021-04-01 18:25:14,-21.05,31.6667,70.99,46,16,6.69
276,Mana,GF,2021-04-01 18:25:15,5.6592,-53.7767,80.6,75,82,10.98
277,Brae,GB,2021-04-01 18:25:16,60.3964,-1.353,44.6,70,75,12.66
278,Yanam,IN,2021-04-01 18:25:16,16.7333,82.2167,77.16,96,70,3.49
279,Mitsamiouli,KM,2021-04-01 18:25:17,-11.3847,43.2844,82.87,74,27,8.19
280,Kamina,CD,2021-04-01 18:25:17,-8.7386,24.9906,66.51,94,50,3.53
281,Bonavista,CA,2021-04-01 18:25:18,48.6499,-53.1147,48.2,53,33,5.75
282,Batemans Bay,AU,2021-04-01 18:25:18,-35.7167,150.1833,57.99,95,82,1.99
283,Karasburg,NA,2021-04-01 18:25:19,-28.0167,18.75,80.92,27,1,16.4
284,Yucca Valley,US,2021-04-01 18:25:19,34.1142,-116.4322,71.01,14,4,4.0
285,Sunndalsora,NO,2021-04-01 18:25:20,62.6754,8.5515,39.2,87,75,23.02
286,Bokoro,TD,2021-04-01 18:25:20,12.3807,17.0568,86.9,10,66,9.95
287,Cervo,ES,2021-04-01 18:22:41,43.6702,-7.4101,60.01,84,97,3.27
288,Nioro,GM,2021-04-01 18:25:21,13.35,-15.75,107.29,6,0,6.89
289,Bambous Virieux,MU,2021-04-01 18:25:21,-20.3428,57.7575,80.6,83,40,5.75
290,Santo Tomas,PH,2021-04-01 18:25:22,14.1079,121.1414,80.6,69,20,4.61
291,Banepa,NP,2021-04-01 18:25:22,27.6298,85.5214,55.4,71,20,3.44
292,Fort Myers Beach,US,2021-04-01 18:24:03,26.452,-81.9481,82.0,65,75,17.27
293,Bubaque,GW,2021-04-01 18:25:23,11.2833,-15.8333,77.0,72,10,16.71
294,Comodoro Rivadavia,AR,2021-04-01 18:21:25,-45.8667,-67.5,60.8,88,40,2.3
295,Puerto Ayacucho,VE,2021-04-01 18:24:02,5.6639,-67.6236,88.86,53,100,2.33
296,Houma,US,2021-04-01 18:25:24,29.5958,-90.7195,62.01,29,1,17.27
297,Bougouni,ML,2021-04-01 18:25:24,11.417,-7.479,100.56,8,7,6.2
298,Ostrovnoy,RU,2021-04-01 18:25:25,68.0531,39.5131,27.61,92,100,11.25
299,Klaksvik,FO,2021-04-01 18:25:25,62.2266,-6.589,44.6,87,75,13.8
300,Port Hardy,CA,2021-04-01 18:20:53,50.6996,-127.4199,44.6,70,75,6.91
301,Little Current,CA,2021-04-01 18:25:26,45.9793,-81.9248,30.0,26,50,14.97
302,Price,US,2021-04-01 18:25:26,39.5994,-110.8107,50.0,16,1,5.75
303,Gaziantep,TR,2021-04-01 18:25:27,37.0594,37.3825,46.4,71,0,6.98
304,Nikel,RU,2021-04-01 18:25:27,69.4128,30.222,33.8,86,90,3.44
305,Kenai,US,2021-04-01 18:25:28,60.5544,-151.2583,21.2,62,90,5.75
306,Waingapu,ID,2021-04-01 18:23:03,-9.6567,120.2641,76.26,92,100,6.13
307,Severo-Yeniseyskiy,RU,2021-04-01 18:25:28,60.3725,93.0408,17.26,96,100,2.01
308,Sorong,ID,2021-04-01 18:24:06,-0.8833,131.25,80.6,80,94,4.36
309,Ust-Ilimsk,RU,2021-04-01 18:25:29,58.0006,102.6619,7.14,97,94,3.87
310,Novyy Urgal,RU,2021-04-01 18:25:30,51.0736,132.5642,25.84,93,46,1.83
311,La Rioja,ES,2021-04-01 18:22:58,42.25,-2.5,64.99,42,0,5.75
312,Svetlyy,RU,2021-04-01 18:25:30,54.675,20.1347,37.4,93,75,6.71
313,Kayes,ML,2021-04-01 18:25:31,14.0,-11.0,105.71,5,16,12.37
314,Dimitrovgrad,RU,2021-04-01 18:25:31,54.2139,49.6184,39.2,87,90,13.42
315,Caravelas,BR,2021-04-01 18:25:32,-17.7125,-39.2481,82.67,72,58,8.03
316,Rudnya,RU,2021-04-01 18:25:32,54.947,31.0934,37.11,95,100,12.28
317,Labuhan,ID,2021-04-01 18:25:33,-6.8844,112.2051,78.15,86,100,13.24
318,Shingu,JP,2021-04-01 18:25:33,33.7333,135.9833,58.3,89,100,8.68
319,Samarai,PG,2021-04-01 18:25:34,-10.6167,150.6667,80.17,80,99,6.96
320,Birin,NP,2021-04-01 18:25:34,26.8865,88.0718,69.8,83,20,1.14
321,Reshetylivka,UA,2021-04-01 18:25:34,49.565,34.0782,50.4,57,100,6.44
322,Villablino,ES,2021-04-01 18:25:35,42.9393,-6.3194,64.0,39,88,1.99
323,Glens Falls,US,2021-04-01 18:25:35,43.3095,-73.644,41.0,81,90,11.5
324,Buraydah,SA,2021-04-01 18:25:36,26.326,43.975,89.6,33,75,9.22
325,Buala,SB,2021-04-01 18:25:36,-8.145,159.5921,80.06,84,99,6.4
326,Lata,PT,2021-04-01 18:21:11,40.1629,-8.3327,63.0,87,84,1.01
327,Partenit,UA,2021-04-01 18:25:37,44.578,34.3446,46.0,69,87,4.14
328,Beringovskiy,RU,2021-04-01 18:25:38,63.05,179.3167,20.14,95,100,10.69
329,Menzelinsk,RU,2021-04-01 18:25:38,55.7271,53.1026,35.6,93,90,20.13
330,Sudislavl,RU,2021-04-01 18:25:39,57.8817,41.7083,33.67,93,100,7.34
331,Toamasina,MG,2021-04-01 18:25:39,-18.1667,49.3833,77.0,94,75,4.61
332,Ankazoabo,MG,2021-04-01 18:25:40,-22.2833,44.5167,73.94,51,0,5.68
333,Gwadar,PK,2021-04-01 18:25:41,25.1216,62.3254,81.36,46,1,10.38
334,Muros,ES,2021-04-01 18:25:41,42.7762,-9.0603,62.01,82,88,6.02
335,Villa Maria,AR,2021-04-01 18:25:42,-32.4075,-63.2402,75.0,52,22,9.22
336,Faxinal,BR,2021-04-01 18:25:42,-24.0003,-51.3194,74.93,40,35,4.32
337,Adrar,MR,2021-04-01 18:22:23,20.5022,-10.0711,95.23,4,85,11.21
338,Anadyr,RU,2021-04-01 18:25:43,64.75,177.4833,14.0,85,75,11.18
339,Sirajganj,BD,2021-04-01 18:25:43,24.45,89.7167,78.75,76,0,15.01
340,Vila Velha,BR,2021-04-01 18:25:44,-20.3297,-40.2925,80.6,57,20,11.5
341,Kozhva,RU,2021-04-01 18:25:44,65.1073,57.0459,31.5,97,100,8.19
342,Port Augusta,AU,2021-04-01 18:25:45,-32.5,137.7667,64.0,71,0,6.91
343,Lorengau,PG,2021-04-01 18:25:45,-2.0226,147.2712,81.82,77,99,4.12
344,Eureka,US,2021-04-01 18:25:46,40.8021,-124.1637,64.99,71,1,6.91
345,Honningsvag,NO,2021-04-01 18:25:46,70.9821,25.9704,33.44,84,100,2.86
346,Santa Maria,BR,2021-04-01 18:25:47,-29.6842,-53.8069,77.0,50,75,8.05
347,Saint-Francois,FR,2021-04-01 18:25:47,46.4154,3.9054,68.0,40,0,5.75
348,Palmer,US,2021-04-01 18:25:48,42.1584,-72.3287,45.0,57,90,11.5
349,Narsaq,GL,2021-04-01 18:25:48,60.9167,-46.05,37.4,81,75,3.44
350,Flinders,AU,2021-04-01 18:25:49,-34.5833,150.8552,60.01,88,79,1.01
351,Victoria Point,AU,2021-04-01 18:25:49,-27.5833,153.3,66.99,89,36,1.99
352,Pontianak,ID,2021-04-01 18:25:50,-0.0333,109.3333,75.2,100,90,3.44
353,Goryachiy Klyuch,RU,2021-04-01 18:25:50,44.6308,39.13,51.01,71,0,4.47
354,Tiksi,RU,2021-04-01 18:25:51,71.6872,128.8694,-7.38,99,100,8.61
355,Ewa Beach,US,2021-04-01 18:25:51,21.3156,-158.0072,75.2,69,20,8.05
356,Itapirapua,BR,2021-04-01 18:25:52,-15.8233,-50.6133,90.27,46,22,1.81
357,Kutum,SD,2021-04-01 18:25:52,14.2,24.6667,78.49,13,24,7.83
358,Esperance,AU,2021-04-01 18:25:53,-33.8667,121.9,66.2,55,0,14.97
359,Turukhansk,RU,2021-04-01 18:25:53,65.8167,87.9833,3.4,79,14,15.19
360,Igarka,RU,2021-04-01 18:24:15,67.4667,86.5833,-2.38,93,33,9.91
361,San Quintin,MX,2021-04-01 18:25:54,30.4833,-115.95,68.95,43,0,7.11
362,Ucluelet,CA,2021-04-01 18:22:18,48.9329,-125.5528,46.0,100,90,5.75
363,Cherskiy,RU,2021-04-01 18:25:54,68.75,161.3,-23.4,97,5,2.93
364,Liberty,US,2021-04-01 18:25:55,31.8335,-81.5004,62.6,27,20,18.41
365,Kununurra,AU,2021-04-01 18:25:55,-15.7667,128.7333,75.2,73,100,4.61
366,Neryungri,RU,2021-04-01 18:24:14,56.6709,124.6491,-1.41,98,49,3.65
367,Amahai,ID,2021-04-01 18:22:22,-3.3333,128.9167,77.77,87,61,3.85
368,Mahates,CO,2021-04-01 18:25:57,10.2329,-75.1899,89.6,62,20,17.27
369,Taoudenni,ML,2021-04-01 18:25:57,22.6783,-3.9836,97.79,5,38,8.12
370,Ndioum,SN,2021-04-01 18:25:58,16.5129,-14.6471,107.6,14,0,2.3
371,Shahr-E Kord,IR,2021-04-01 18:25:58,32.3256,50.8644,53.6,43,0,6.91
372,Piacabucu,BR,2021-04-01 18:25:59,-10.4056,-36.4344,85.95,65,65,16.33
373,Dubrovytsya,UA,2021-04-01 18:26:00,51.5744,26.565,53.4,83,99,5.59
374,General Elizardo Aquino,PY,2021-04-01 18:26:00,-24.4333,-56.7,87.67,24,1,4.94
375,Altamira,BR,2021-04-01 18:26:01,-3.2033,-52.2064,77.0,94,75,3.44
376,Maniitsoq,GL,2021-04-01 18:26:01,65.4167,-52.9,31.93,97,100,45.92
377,Linxia,CN,2021-04-01 18:26:02,35.6003,103.2064,35.8,96,100,4.81
378,Isangel,VU,2021-04-01 18:26:02,-19.55,169.2667,77.58,88,100,12.01
379,San Ignacio,BZ,2021-04-01 18:26:03,17.1561,-89.0714,87.8,55,75,4.61
380,Kitgum,UG,2021-04-01 18:26:03,3.2783,32.8867,76.87,53,82,3.33
381,Margate,GB,2021-04-01 18:22:53,51.3813,1.3862,43.0,80,9,4.0
382,Ulaanbaatar,MN,2021-04-01 18:25:20,47.9077,106.8832,21.2,73,0,4.76
383,Dukat,RU,2021-04-01 18:26:04,62.55,155.55,-1.59,98,100,5.86
384,Maltahohe,NA,2021-04-01 18:26:05,-24.8333,16.9833,78.84,31,24,3.04
385,Yantal,RU,2021-04-01 18:26:05,56.8471,105.2542,7.41,98,98,3.33
386,Darhan,MN,2021-04-01 18:26:05,49.4867,105.9228,28.67,54,30,4.83
387,Ulladulla,AU,2021-04-01 18:26:06,-35.35,150.4667,60.01,100,81,9.22
388,Wagar,SD,2021-04-01 18:26:07,16.1525,36.2032,89.87,32,22,16.91
389,La Ronge,CA,2021-04-01 18:26:07,55.1001,-105.2842,46.4,49,87,4.61
390,Antofagasta,CL,2021-04-01 18:26:02,-23.65,-70.4,68.0,60,20,14.97
391,Skjervoy,NO,2021-04-01 18:26:08,70.0311,20.9714,37.24,76,100,7.78
392,Borogontsy,RU,2021-04-01 18:26:09,62.6683,131.1683,11.79,98,94,4.27
393,Kudahuvadhoo,MV,2021-04-01 18:26:09,2.6708,72.8944,83.95,75,90,15.03
394,Roald,NO,2021-04-01 18:26:10,62.5833,6.1333,41.0,87,90,21.85
395,Miastko,PL,2021-04-01 18:26:10,54.0028,16.9826,39.99,83,96,5.99
396,Nelidovo,RU,2021-04-01 18:26:11,56.2211,32.7774,35.92,95,100,2.37
397,Christchurch,NZ,2021-04-01 18:25:45,-43.5333,172.6333,54.0,87,20,1.14
398,Trat,TH,2021-04-01 18:26:11,12.5,102.5,82.0,99,84,4.12
399,Intipuca,SV,2021-04-01 18:26:12,13.1969,-88.0544,102.2,41,20,13.8
400,Kiunga,PG,2021-04-01 18:26:12,-6.1219,141.2906,73.44,99,100,2.35
401,Ixtapa,MX,2021-04-01 18:26:13,20.7,-105.2,80.6,41,1,10.36
402,Muskegon,US,2021-04-01 18:26:13,43.3,-86.1334,37.4,38,40,18.41
403,Yerbogachen,RU,2021-04-01 18:26:14,61.2767,108.0108,-10.35,100,95,1.81
404,Banjar,ID,2021-04-01 18:26:14,-8.19,114.9675,80.6,94,40,4.61
405,Snezhnogorsk,RU,2021-04-01 18:26:15,69.1933,33.2531,32.0,93,75,6.71
406,Kondoa,TZ,2021-04-01 18:26:15,-4.9,35.7833,62.96,84,83,3.49
407,Xam Nua,LA,2021-04-01 18:26:16,20.4197,104.0439,69.76,36,8,3.04
408,Goderich,CA,2021-04-01 18:26:17,43.7501,-81.7165,24.8,74,100,20.71
409,Ponta Delgada,PT,2021-04-01 18:26:17,37.7333,-25.6667,60.8,82,40,8.05
410,Erenhot,CN,2021-04-01 18:26:18,43.6475,111.9767,40.82,71,100,8.52
411,Fairbanks,US,2021-04-01 18:25:33,64.8378,-147.7164,5.0,78,90,9.22
412,Tottori,JP,2021-04-01 18:22:01,35.5,134.2333,48.24,63,99,2.26
413,Rugby,GB,2021-04-01 18:26:20,52.3709,-1.2642,46.0,79,48,1.01
414,Kampot,KH,2021-04-01 18:26:20,10.6167,104.1833,84.2,74,20,8.05
415,Whitehorse,CA,2021-04-01 18:26:09,60.7161,-135.0538,28.0,68,75,3.44
416,Ishigaki,JP,2021-04-01 18:26:21,24.3448,124.1572,76.35,92,21,6.46
417,Toma,BF,2021-04-01 18:26:22,12.7667,-2.8833,96.64,6,5,9.15
418,Saraland,US,2021-04-01 18:24:10,30.8207,-88.0706,61.0,18,1,21.85
419,Sampit,ID,2021-04-01 18:24:05,-2.5333,112.95,74.77,97,92,2.75
420,Irece,BR,2021-04-01 18:21:42,-11.3042,-41.8558,81.54,53,79,2.3
421,Andenes,NO,2021-04-01 18:26:23,69.3143,16.1194,37.4,87,100,16.11
422,Sainte-Anne-Des-Monts,CA,2021-04-01 18:25:14,49.124,-66.4924,32.0,93,100,10.8
423,Jackson,US,2021-04-01 18:21:32,42.4165,-122.8345,62.01,44,1,0.72
424,Bembereke,BJ,2021-04-01 18:26:24,10.2283,2.6634,89.53,12,42,4.14
425,Aklavik,CA,2021-04-01 18:26:24,68.2191,-135.0107,-11.2,70,75,14.97
426,Dolinsk,RU,2021-04-01 18:26:25,47.35,142.8,21.2,100,16,2.24
427,Camacha,PT,2021-04-01 18:26:25,33.0833,-16.3333,64.4,77,20,14.97
428,Sabang,ID,2021-04-01 18:26:26,5.8933,95.3214,82.49,78,100,21.88
429,Moyale,KE,2021-04-01 18:26:27,3.5167,39.0584,77.65,44,82,4.74
430,Kinnelon,US,2021-04-01 18:26:27,41.0018,-74.3671,50.0,34,90,12.66
431,Pechora,RU,2021-04-01 18:26:28,65.1472,57.2244,31.32,97,100,8.93
432,Manavalakurichi,IN,2021-04-01 18:26:28,8.1333,77.3,84.2,70,20,4.61
433,Grand Gaube,MU,2021-04-01 18:26:29,-20.0064,57.6608,77.0,83,12,4.0
434,Zapolyarnyy,RU,2021-04-01 18:26:29,69.4154,30.8136,33.8,86,90,3.44
435,Mayo,US,2021-04-01 18:21:47,38.8876,-76.5119,48.0,75,90,12.66
436,Dreux,FR,2021-04-01 18:26:30,48.6667,1.25,66.99,59,5,12.66
437,Diu,IN,2021-04-01 18:26:31,20.7141,70.9822,77.68,78,1,11.27
438,Dunedin,NZ,2021-04-01 18:26:31,-45.8742,170.5036,68.0,58,100,1.99
439,Mackay,AU,2021-04-01 18:22:19,-21.15,149.2,71.6,83,40,10.36
440,Meulaboh,ID,2021-04-01 18:22:09,4.1363,96.1285,76.17,77,100,3.4
441,Athens,GR,2021-04-01 18:23:32,37.9795,23.7162,51.01,62,20,3.44
442,Providencia,MX,2021-04-01 18:26:32,28.7167,-111.5833,86.0,23,55,4.0
443,Muroto,JP,2021-04-01 18:26:33,33.2833,134.15,63.82,77,100,20.38
444,Puerto Gaitan,CO,2021-04-01 18:22:37,4.3133,-72.0816,88.7,54,99,9.04
445,Beloha,MG,2021-04-01 18:26:33,-25.1667,45.05,72.1,72,0,14.65
446,Aykhal,RU,2021-04-01 18:26:34,66.0,111.5,-17.79,99,100,9.24
447,Lodwar,KE,2021-04-01 18:26:34,3.1191,35.5973,92.5,30,33,14.23
448,Eldorado,BR,2021-04-01 18:26:35,-23.7869,-54.2836,79.9,37,46,4.79
449,Padang,ID,2021-04-01 18:26:35,-0.9492,100.3543,78.8,78,90,2.3
450,Ossora,RU,2021-04-01 18:26:36,59.2353,163.0719,29.25,98,100,3.85
451,Port Hawkesbury,CA,2021-04-01 18:26:36,45.6169,-61.3485,53.6,76,90,19.57
452,Ochakiv,UA,2021-04-01 18:26:37,46.6128,31.5498,44.6,65,0,7.65
453,Paciran,ID,2021-04-01 18:26:37,-6.8767,112.3761,78.28,87,100,13.67
454,Samandag,TR,2021-04-01 18:26:37,36.0842,35.9771,53.6,82,75,9.22
455,Tatarskaya Kargala,RU,2021-04-01 18:26:38,51.9495,55.1731,33.8,80,0,13.42
456,Da Nang,VN,2021-04-01 18:26:38,16.0678,108.2208,78.8,89,20,1.14
457,Mahdalynivka,UA,2021-04-01 18:26:39,48.921,34.9156,50.0,53,0,2.24
458,Codrington,AU,2021-04-01 18:26:39,-38.2667,141.9667,60.21,57,67,5.37
459,Karwar,IN,2021-04-01 18:26:40,14.8,74.1333,79.07,74,51,9.55
460,Pasighat,IN,2021-04-01 18:26:40,28.0667,95.3333,65.75,87,83,8.39
461,Yarensk,RU,2021-04-01 18:26:41,62.1675,49.0916,31.93,97,100,7.0
462,Akhalgori,GE,2021-04-01 18:26:41,42.126,44.4833,46.4,66,40,5.75
463,Radhanpur,IN,2021-04-01 18:26:42,23.8333,71.6,85.98,5,0,7.78
464,Puerto Leguizamo,CO,2021-04-01 18:26:42,-0.1934,-74.7819,91.44,48,69,2.28
465,Tiznit,MA,2021-04-01 18:26:43,29.5833,-9.5,66.31,52,15,9.46
466,Madang,PG,2021-04-01 18:26:43,-5.2246,145.7966,76.15,92,100,5.91
467,Shelburne,CA,2021-04-01 18:26:44,44.0787,-80.2041,28.99,77,100,18.12
468,Mirador,BR,2021-04-01 18:26:44,-6.3708,-44.3631,82.15,83,100,1.61
469,Balaipungut,ID,2021-04-01 18:26:45,1.05,101.2833,75.51,86,93,3.36
470,Kachug,RU,2021-04-01 18:26:45,53.9606,105.8817,6.58,96,21,2.33
471,La Tebaida,CO,2021-04-01 18:26:45,4.4527,-75.7875,69.8,88,75,5.75
472,Togur,RU,2021-04-01 18:26:46,58.3631,82.8265,23.47,81,100,14.5
473,Huambo,AO,2021-04-01 18:26:46,-12.7761,15.7392,62.76,89,96,3.91
474,Merritt,CA,2021-04-01 18:26:47,50.1123,-120.7942,57.2,41,1,16.11
475,Bystrice Pod Hostynem,CZ,2021-04-01 18:26:48,49.3992,17.674,61.0,66,73,2.04
476,Ca Mau,VN,2021-04-01 18:22:06,9.1769,105.15,80.55,82,60,6.15
477,Ludvika,SE,2021-04-01 18:26:49,60.1496,15.1878,44.01,45,90,10.36
478,Husavik,IS,2021-04-01 18:26:50,66.0449,-17.3389,44.6,57,40,4.61
479,Ola,RU,2021-04-01 18:26:50,59.5833,151.2833,8.11,80,100,8.37
480,Wairoa,NZ,2021-04-01 18:26:51,-39.0333,177.3667,46.99,96,21,1.99
481,Rudnichnyy,RU,2021-04-01 18:26:52,59.617,52.4703,32.77,93,98,9.24
482,Iracoubo,GF,2021-04-01 18:26:52,5.4802,-53.2011,80.62,76,89,12.03
483,Marana,US,2021-04-01 18:26:53,32.4367,-111.2254,86.0,7,1,19.57
484,Bereda,ES,2021-04-01 18:26:53,43.2686,-7.5406,57.99,98,100,1.99
485,San Martin,AR,2021-04-01 18:26:53,-33.081,-68.4681,77.0,44,20,5.75
486,Maputo,MZ,2021-04-01 18:26:54,-25.9653,32.5892,78.8,78,20,8.05
487,Treinta Y Tres,UY,2021-04-01 18:26:54,-33.2333,-54.3833,69.55,64,47,7.99
488,Same,TZ,2021-04-01 18:26:55,-4.0667,37.7333,71.91,77,92,5.64
489,Kuytun,RU,2021-04-01 18:26:56,54.3419,101.5036,18.46,97,98,4.92
490,Vilyuysk,RU,2021-04-01 18:26:56,63.7553,121.6247,-0.6,85,57,10.67
491,New Castle,US,2021-04-01 18:26:56,41.0037,-80.347,30.99,80,90,11.5
492,Abatskoye,RU,2021-04-01 18:26:57,56.2875,70.4555,32.02,94,100,19.82
493,Nhulunbuy,AU,2021-04-01 18:26:58,-12.2333,136.7667,80.6,83,40,6.91
494,Vila,PT,2021-04-01 18:26:58,42.0304,-8.1588,55.99,91,99,1.99
495,Portland,US,2021-04-01 18:23:11,45.5234,-122.6762,60.01,54,20,3.44
496,Chifeng,CN,2021-04-01 18:26:59,42.2683,118.9636,50.56,50,100,4.7
497,Mount Gambier,AU,2021-04-01 18:23:03,-37.8333,140.7667,59.0,67,59,8.05
498,Mehamn,NO,2021-04-01 18:22:06,71.0357,27.8492,29.62,92,100,1.79
499,Douentza,ML,2021-04-01 18:27:00,14.9951,-2.9517,94.06,5,0,9.84
500,Cockburn Town,TC,2021-04-01 18:27:00,21.4612,-71.1419,80.6,57,40,17.27
501,Athabasca,CA,2021-04-01 18:27:01,54.7169,-113.2854,46.4,49,100,4.61
502,Aktau,KZ,2021-04-01 18:27:01,43.65,51.2,55.4,21,40,22.37
503,Beyneu,KZ,2021-04-01 18:27:02,45.3167,55.2,45.36,51,2,20.96
504,Nouadhibou,MR,2021-04-01 18:27:02,20.931,-17.0347,71.6,68,62,19.57
505,Cumadcad,PH,2021-04-01 18:27:03,12.9806,123.7892,75.11,80,83,4.59
506,The Pas,CA,2021-04-01 18:27:03,53.8251,-101.2541,44.6,45,20,14.97
507,Mahanoro,MG,2021-04-01 18:27:03,-19.9,48.8,76.14,83,61,7.02
508,Moree,AU,2021-04-01 18:27:04,-29.4667,149.85,60.8,72,0,8.05
509,Merrill,US,2021-04-01 18:27:05,45.1805,-89.6835,33.8,37,1,4.61
510,Nantucket,US,2021-04-01 18:23:11,41.2835,-70.0995,46.4,100,90,13.8
511,Taywarah,AF,2021-04-01 18:27:05,33.35,64.4167,44.98,32,54,4.45
512,Badiraguato,MX,2021-04-01 18:27:06,25.3667,-107.5167,78.8,47,20,10.36
513,Manggar,ID,2021-04-01 18:27:06,-2.8833,108.2667,78.46,86,100,2.62
514,Tubuala,PA,2021-04-01 18:27:07,9.5167,-79.0333,91.4,52,40,12.66
515,Northam,GB,2021-04-01 18:27:08,51.0333,-4.2167,54.0,81,16,8.01
516,Kasempa,ZM,2021-04-01 18:27:08,-13.4584,25.8338,66.97,83,84,4.94
517,Takoradi,GH,2021-04-01 18:27:09,4.8845,-1.7554,82.06,78,8,7.99
518,Aleksandrovsk-Sakhalinskiy,RU,2021-04-01 18:27:09,50.8975,142.1561,28.06,92,93,10.51
519,Hare Bay,CA,2021-04-01 18:27:10,48.8499,-54.0148,48.2,53,59,5.75
520,Todos Santos,MX,2021-04-01 18:27:10,23.45,-110.2167,72.0,75,100,5.01
521,Dogondoutchi,NE,2021-04-01 18:27:10,13.6393,4.0287,88.11,6,9,9.82
522,Bongandanga,CD,2021-04-01 18:27:11,1.5,21.05,78.67,72,99,2.37
523,Obigarm,TJ,2021-04-01 18:27:11,38.7173,69.7088,35.56,80,62,5.48
524,Acajutla,SV,2021-04-01 18:27:12,13.5928,-89.8275,91.4,31,20,9.22
525,Mogadishu,SO,2021-04-01 18:27:12,2.0371,45.3438,82.09,78,6,17.11
526,Arzgir,RU,2021-04-01 18:27:13,45.3728,44.2206,44.6,66,94,14.85
527,Alugan,PH,2021-04-01 18:27:13,12.2188,125.4808,79.74,74,82,7.72
528,Juneau,US,2021-04-01 18:27:14,58.3019,-134.4197,35.6,80,90,3.44
529,Eyl,SO,2021-04-01 18:27:14,7.9803,49.8164,78.35,65,1,8.48
530,Dresden,DE,2021-04-01 18:27:15,51.0509,13.7383,57.99,54,0,16.11
531,Port-Cartier,CA,2021-04-01 18:27:15,50.0334,-66.8654,33.01,100,90,17.27
532,Medicine Hat,CA,2021-04-01 18:24:39,50.0501,-110.6683,64.0,19,75,28.77
533,Tukan,RU,2021-04-01 18:27:16,53.8409,57.4552,30.72,90,100,15.37
534,Patacamaya,BO,2021-04-01 18:27:17,-17.2333,-67.9167,56.98,43,57,1.1
535,Ashington,GB,2021-04-01 18:27:17,50.9331,-0.3909,53.6,66,0,12.66
536,Qujing,CN,2021-04-01 18:23:05,25.4833,103.7833,59.0,50,18,1.99
537,Geraldton,AU,2021-04-01 18:27:18,-28.7667,114.6,77.0,88,90,10.36
538,Carahue,CL,2021-04-01 18:27:18,-38.7,-73.1667,62.6,77,90,10.36
539,Ust-Tsilma,RU,2021-04-01 18:27:19,65.441,52.1498,32.45,98,100,5.3
540,Kushmurun,KZ,2021-04-01 18:27:19,52.4503,64.6311,27.19,83,99,17.18
541,Shaunavon,CA,2021-04-01 18:23:25,49.6501,-108.4181,50.0,32,43,23.02
542,Nichinan,JP,2021-04-01 18:27:20,31.6,131.3667,62.01,72,100,11.99
543,Kupang,ID,2021-04-01 18:27:21,-10.1667,123.5833,77.04,90,100,7.02
544,Rivers,CA,2021-04-01 18:27:21,50.0308,-100.2403,55.4,24,75,25.32
545,Gorontalo,ID,2021-04-01 18:27:22,0.5412,123.0595,75.85,95,99,3.31
546,Xining,CN,2021-04-01 18:27:22,36.6167,101.7667,32.18,94,100,3.78
547,Uyemskiy,RU,2021-04-01 18:27:22,64.4743,40.8524,30.2,100,90,6.71
548,Araguaina,BR,2021-04-01 18:27:23,-7.1911,-48.2072,82.22,74,100,3.44
549,Santa Isabel,BR,2021-04-01 18:25:14,-23.3156,-46.2214,77.0,41,75,4.61
550,Ramgarh,IN,2021-04-01 18:27:24,23.6333,85.5167,80.6,24,0,6.51
551,Inta,RU,2021-04-01 18:27:24,66.0317,60.1659,29.68,95,92,9.51
552,Udachnyy,RU,2021-04-01 18:24:15,66.4167,112.4,-17.36,98,100,8.5
553,Naze,JP,2021-04-01 18:27:25,28.3667,129.4833,65.95,96,100,17.36
554,Gillette,US,2021-04-01 18:27:26,44.2911,-105.5022,60.8,16,1,13.8
555,Khandyga,RU,2021-04-01 18:27:26,62.6667,135.6,18.7,96,100,4.56
556,Kingston Upon Hull,GB,2021-04-01 18:27:13,53.7446,-0.3353,44.6,65,90,11.5
557,Voznesenye,RU,2021-04-01 18:27:27,61.0106,35.4781,30.2,91,79,7.05
558,Botwood,CA,2021-04-01 18:27:27,49.1499,-55.3482,48.2,61,20,12.66
559,Carutapera,BR,2021-04-01 18:27:28,-1.195,-46.02,80.15,87,86,6.15
560,Eyrarbakki,IS,2021-04-01 18:27:28,63.863,-21.1481,41.0,87,90,11.5
561,Zeya,RU,2021-04-01 18:27:29,53.75,127.2667,26.55,96,100,2.77
562,Burns Lake,CA,2021-04-01 18:27:29,54.2331,-125.7533,35.6,38,48,13.8
563,Sao Luiz Gonzaga,BR,2021-04-01 18:27:30,-28.4083,-54.9608,75.7,47,7,6.67
564,Cravo Norte,CO,2021-04-01 18:27:30,6.3017,-70.2041,90.16,41,95,6.15
565,Inhambane,MZ,2021-04-01 18:27:30,-23.865,35.3833,77.0,73,0,8.9
